{"cameraMode":{"drawMode":0,"name":"Shaded","section":"Shading Mode"},"sceneLighting":false,"audioPlay":false,"sceneViewState":{"showFog":true,"showMaterialUpdate":false,"showSkybox":false,"showFlares":true,"showImageEffects":true,"showParticleSystems":true},"in2DMode":false,"pivot":{"x":2.517937660217285,"y":4.189671039581299,"z":1.771921992301941},"rotation":{"x":-0.18745973706245423,"y":-0.43170809745788576,"z":0.09130048751831055,"w":-0.8778424263000488},"size":5.642653465270996,"orthographic":false}