{"cameraMode":{"drawMode":0,"name":"Shaded","section":"Shading Mode"},"sceneLighting":false,"audioPlay":false,"sceneViewState":{"showFog":true,"showMaterialUpdate":false,"showSkybox":false,"showFlares":true,"showImageEffects":true,"showParticleSystems":true},"in2DMode":false,"pivot":{"x":2.0,"y":1.1999998092651368,"z":1.8000000715255738},"rotation":{"x":-0.18745973706245423,"y":-0.43170809745788576,"z":0.09130048751831055,"w":-0.8778424263000488},"size":4.666911602020264,"orthographic":false}